{"RuleTriggered": 1, "Violations": 1, "Details": {"pin_memory": false, "num_workers": 0, "cores": 4, "dataloaders": 1, "dataloading_time": {"p25": 0.172868, "p50": 1.483556, "p95": 1.749581, "probs": [4, 1, 0, 0, 0, 0, 0, 0, 0, 0, 0, 0, 0, 0, 0, 0, 0, 0, 0, 0, 0, 0, 0, 0, 0, 0, 0, 0, 0, 0, 0, 0, 0, 0, 0, 0, 0, 0, 0, 0, 0, 0, 0, 0, 0, 0, 0, 0, 0, 0, 0, 0, 0, 0, 0, 0, 0, 0, 0, 0, 0, 0, 0, 0, 0, 0, 0, 0, 0, 0, 0, 0, 0, 0, 1, 0, 1, 0, 1, 2, 0, 0, 0, 0, 0, 0, 0, 0, 0, 0, 0, 0, 0, 0, 0, 0, 0, 0, 0, 1], "binedges": [0.164392, 0.18202709, 0.19966218000000002, 0.21729727000000001, 0.23493236, 0.25256745, 0.27020254, 0.28783763, 0.30547272000000003, 0.32310781, 0.34074289999999996, 0.35837799000000004, 0.37601308, 0.39364816999999996, 0.41128326000000004, 0.42891835, 0.44655343999999997, 0.46418853000000004, 0.48182362, 0.49945871, 0.5170937999999999, 0.53472889, 0.55236398, 0.5699990699999999, 0.58763416, 0.60526925, 0.62290434, 0.64053943, 0.65817452, 0.67580961, 0.6934446999999999, 0.71107979, 0.72871488, 0.7463499699999999, 0.76398506, 0.78162015, 0.7992552399999999, 0.81689033, 0.83452542, 0.8521605099999999, 0.8697955999999999, 0.88743069, 0.9050657799999999, 0.9227008699999999, 0.94033596, 0.9579710499999999, 0.9756061399999999, 0.99324123, 1.01087632, 1.02851141, 1.0461465, 1.06378159, 1.08141668, 1.09905177, 1.11668686, 1.13432195, 1.15195704, 1.16959213, 1.18722722, 1.20486231, 1.2224974, 1.2401324900000001, 1.25776758, 1.27540267, 1.29303776, 1.31067285, 1.32830794, 1.34594303, 1.3635781200000001, 1.38121321, 1.3988483, 1.41648339, 1.43411848, 1.45175357, 1.4693886600000001, 1.48702375, 1.50465884, 1.52229393, 1.53992902, 1.55756411, 1.5751992, 1.59283429, 1.61046938, 1.62810447, 1.64573956, 1.66337465, 1.68100974, 1.69864483, 1.71627992, 1.73391501, 1.7515501, 1.76918519, 1.78682028, 1.8044553700000001, 1.82209046, 1.83972555, 1.85736064, 1.87499573, 1.89263082, 1.91026591, 1.927901]}}, "Datapoints": 11, "RuleParameters": "min_threshold:70\nmax_threshold:200"}