{"RuleTriggered": 0, "Violations": 0, "Details": {"ratio": {"cpu_functions": 100.0}, "phase": {"Step:ModeKeys.TRAIN": 64.90556218230473, "others": 1.2429874225526365, "Step:ModeKeys.EVAL": 33.851450395142635}, "phase_time": {}, "CPU": {"aten::conv2d": 18.63593421301074, "aten::convolution": 18.634306072775022, "aten::_convolution": 18.63299889461791, "aten::mkldnn_convolution": 18.62924491083518, "aten::batch_norm": 4.897036496329311, "aten::_batch_norm_impl_index": 4.894778450340223, "aten::native_batch_norm": 4.8922001492374685, "aten::max_pool2d": 2.2543294744453806, "aten::max_pool2d_with_indices": 2.214362626010489, "enumerate(DataLoader)#_SingleProcessDataLoaderIter.__next__": 6.314808712398268}, "CPU_total": {"aten::conv2d": 26360479, "aten::convolution": 26358176, "aten::_convolution": 26356327, "aten::mkldnn_convolution": 26351017, "aten::batch_norm": 6926845, "aten::_batch_norm_impl_index": 6923651, "aten::native_batch_norm": 6920004, "aten::max_pool2d": 3188743, "aten::max_pool2d_with_indices": 3132210, "enumerate(DataLoader)#_SingleProcessDataLoaderIter.__next__": 8932280}, "general": {"DataLoaderIterInitialize": 0.008906010874887607, "DataLoaderIter": 11.908787889645085, "Forward": 88.08230609948002}}, "Datapoints": 0, "RuleParameters": ""}